[
  {
    "id": "f45e8e21-d3be-43fb-bdb7-4db7c4a61f5a",
    "data": [
      {
        "text": "put corpus",
        "userDefined": false
      }
    ],
    "isTemplate": false,
    "count": 0
  },
  {
    "id": "f0ddf5cd-bae3-495c-b429-058d1d5463e0",
    "data": [
      {
        "text": "give corpus",
        "userDefined": false
      }
    ],
    "isTemplate": false,
    "count": 0
  },
  {
    "id": "a0db6cd1-4065-4809-a44e-9a6b4e003936",
    "data": [
      {
        "text": "choose corpus",
        "userDefined": false
      }
    ],
    "isTemplate": false,
    "count": 0
  },
  {
    "id": "921d3910-9f45-415e-b078-52c54b25fece",
    "data": [
      {
        "text": "input corpus",
        "userDefined": false
      }
    ],
    "isTemplate": false,
    "count": 0
  },
  {
    "id": "c6909830-207d-4cb9-9b21-27e052afbd62",
    "data": [
      {
        "text": "enter corpus",
        "userDefined": false
      }
    ],
    "isTemplate": false,
    "count": 0
  }
]