[
  {
    "id": "0a64246b-faa2-4983-a46a-5f5984f57f9b",
    "data": [
      {
        "text": "sentiment",
        "alias": "corpus",
        "meta": "@corpus",
        "userDefined": false
      }
    ],
    "isTemplate": false,
    "count": 0
  },
  {
    "id": "188ad149-e2de-4fbe-ac78-179185d7d0cf",
    "data": [
      {
        "text": "turks",
        "alias": "corpus",
        "meta": "@corpus",
        "userDefined": true
      }
    ],
    "isTemplate": false,
    "count": 0
  },
  {
    "id": "56d585ba-8eff-416f-9555-f2719eaaf7e1",
    "data": [
      {
        "text": "news",
        "alias": "corpus",
        "meta": "@corpus",
        "userDefined": false
      }
    ],
    "isTemplate": false,
    "count": 0
  },
  {
    "id": "8bb36c66-2ac5-4e75-8e34-52666ce0cc2b",
    "data": [
      {
        "text": "uci",
        "alias": "corpus",
        "meta": "@corpus",
        "userDefined": false
      }
    ],
    "isTemplate": false,
    "count": 0
  }
]