[
  {
    "id": "1eee4ca4-2988-4ed2-a245-4acab8b18fe5",
    "data": [
      {
        "text": "why?",
        "userDefined": false
      }
    ],
    "isTemplate": false,
    "count": 0
  },
  {
    "id": "ddf39a2a-1a95-4622-a5d8-4590e1abb379",
    "data": [
      {
        "text": "can you give me explanations",
        "userDefined": false
      }
    ],
    "isTemplate": false,
    "count": 0
  },
  {
    "id": "b937a3c9-6e1e-4505-b33d-e6f92f35be54",
    "data": [
      {
        "text": "why did you predict this",
        "userDefined": false
      }
    ],
    "isTemplate": false,
    "count": 0
  },
  {
    "id": "d8e13916-4294-42f0-97cc-415eba0a35ee",
    "data": [
      {
        "text": "I need explanations",
        "userDefined": false
      }
    ],
    "isTemplate": false,
    "count": 0
  },
  {
    "id": "f2563ccf-9443-4ffe-9f55-05289e204252",
    "data": [
      {
        "text": "explain",
        "userDefined": false
      }
    ],
    "isTemplate": false,
    "count": 0
  },
  {
    "id": "a3b7e314-4e28-43e2-b6a5-f1bf34dfe559",
    "data": [
      {
        "text": "generate explanations",
        "userDefined": false
      }
    ],
    "isTemplate": false,
    "count": 0
  }
]