[
  {
    "id": "24546437-5561-4307-82b9-09c6f4ea4d02",
    "data": [
      {
        "text": "I want help",
        "userDefined": false
      }
    ],
    "isTemplate": false,
    "count": 0
  },
  {
    "id": "86713ef4-12ab-43ed-b7ff-61fb87912146",
    "data": [
      {
        "text": "I need info",
        "userDefined": false
      }
    ],
    "isTemplate": false,
    "count": 0
  },
  {
    "id": "a1d6e25d-4a8b-41a3-8f7f-f1cad89b95fe",
    "data": [
      {
        "text": "can we begin?",
        "userDefined": false
      }
    ],
    "isTemplate": false,
    "count": 0
  },
  {
    "id": "5d048ab2-6118-410f-a722-15d10a48d00e",
    "data": [
      {
        "text": "can you give more information?",
        "userDefined": false
      }
    ],
    "isTemplate": false,
    "count": 0
  },
  {
    "id": "07a00dac-42e9-4327-94d4-22a42be81f63",
    "data": [
      {
        "text": "start",
        "userDefined": false
      }
    ],
    "isTemplate": false,
    "count": 0
  },
  {
    "id": "33099056-86f5-471c-866b-9e4285883ecf",
    "data": [
      {
        "text": "what can you do?",
        "userDefined": false
      }
    ],
    "isTemplate": false,
    "count": 0
  },
  {
    "id": "35a2e68c-043c-475c-82b8-66e6ab1abfb9",
    "data": [
      {
        "text": "info",
        "userDefined": false
      }
    ],
    "isTemplate": false,
    "count": 0
  },
  {
    "id": "a54b03a6-c672-4e3c-94fc-84cdc9543564",
    "data": [
      {
        "text": "help",
        "userDefined": false
      }
    ],
    "isTemplate": false,
    "count": 0
  }
]