[
  {
    "id": "bfcd66f9-fd79-43e1-8378-57fc1dc93f40",
    "data": [
      {
        "text": "which category?",
        "userDefined": false
      }
    ],
    "isTemplate": false,
    "count": 0
  },
  {
    "id": "4c0f5a1a-de55-4823-962d-fcf98a7e1b64",
    "data": [
      {
        "text": "classify",
        "userDefined": false
      }
    ],
    "isTemplate": false,
    "count": 0
  },
  {
    "id": "d36dc7a7-989d-4f3a-8f6d-9bf43ed15898",
    "data": [
      {
        "text": "category?",
        "userDefined": false
      }
    ],
    "isTemplate": false,
    "count": 0
  },
  {
    "id": "db411eb1-7ca5-4cb4-988e-4a4392c70c0c",
    "data": [
      {
        "text": "what is the category?",
        "userDefined": false
      }
    ],
    "isTemplate": false,
    "count": 0
  },
  {
    "id": "4b7e7368-be47-4e03-9f89-cc43ee88a3ea",
    "data": [
      {
        "text": "predict",
        "userDefined": false
      }
    ],
    "isTemplate": false,
    "count": 0
  },
  {
    "id": "78bae74c-e534-45ae-8229-7882f9a0d5de",
    "data": [
      {
        "text": "can you predict the category?",
        "userDefined": false
      }
    ],
    "isTemplate": false,
    "count": 0
  }
]