[
  {
    "id": "6633aee4-f9b9-48e6-a37e-3786d9e29071",
    "data": [
      {
        "text": "can i enter a sentence",
        "userDefined": false
      }
    ],
    "isTemplate": false,
    "count": 0
  },
  {
    "id": "361717ba-7d47-411e-b615-bc0b77543d71",
    "data": [
      {
        "text": "select sentence",
        "userDefined": false
      }
    ],
    "isTemplate": false,
    "count": 0
  },
  {
    "id": "84ed72c8-b49f-453f-8a0a-b520a8b8a890",
    "data": [
      {
        "text": "use sentence",
        "userDefined": false
      }
    ],
    "isTemplate": false,
    "count": 0
  },
  {
    "id": "f6ad70c2-8bcf-486f-bb04-3569c5601a23",
    "data": [
      {
        "text": "input sentence",
        "userDefined": false
      }
    ],
    "isTemplate": false,
    "count": 0
  },
  {
    "id": "7fa0485e-8e02-4e1a-b916-c4d7b7b8036a",
    "data": [
      {
        "text": "enter sentence",
        "userDefined": false
      }
    ],
    "isTemplate": false,
    "count": 0
  },
  {
    "id": "e94b279e-d084-416c-8099-6d4df7b7d413",
    "data": [
      {
        "text": "sentence",
        "userDefined": false
      }
    ],
    "isTemplate": false,
    "count": 0
  }
]