[
  {
    "id": "be1f2d5d-00b3-402a-a1a8-1768dbe3146d",
    "data": [
      {
        "text": "input sentence",
        "userDefined": false
      }
    ],
    "isTemplate": false,
    "count": 0
  },
  {
    "id": "b60cb7d7-43db-4fe2-a164-01146c0984f4",
    "data": [
      {
        "text": "give sentence",
        "userDefined": false
      }
    ],
    "isTemplate": false,
    "count": 0
  },
  {
    "id": "f40f19ea-42bd-45f0-9d4d-f5ebc99cdb3d",
    "data": [
      {
        "text": "put sentence",
        "userDefined": false
      }
    ],
    "isTemplate": false,
    "count": 0
  },
  {
    "id": "e6584862-c456-4004-ac79-7d5241aeb75b",
    "data": [
      {
        "text": "choose sentence",
        "userDefined": false
      }
    ],
    "isTemplate": false,
    "count": 0
  },
  {
    "id": "e94b279e-d084-416c-8099-6d4df7b7d413",
    "data": [
      {
        "text": "enter sentence",
        "userDefined": false
      }
    ],
    "isTemplate": false,
    "count": 0
  }
]